customer_id,name,city,signup_date,purchase_amount,email,email_valid
1,Customer_1,Hyderabad,2024-01-01,1959.47,user1@mail.com,True
2,Customer_2,Delhi,2024-01-04,2662.51,user2@mail.com,True
3,Customer_3,,2024-01-07,2376.73,user3@mail.com,True
4,Customer_4,Hyderabad,2024-01-10,2376.73,user4@mail.com,True
5,Customer_5,Delhi,2024-01-13,1550.24,user5@mail.com,True
6,Customer_6,Bangalore,2024-01-16,2376.73,user6@mail.com,True
7,Customer_7,Hyderabad,2024-01-19,2343.04,user7@mail.com,True
8,Customer_8,Chennai,2024-01-22,3219.01,user8@mail.com,True
9,Customer_9,Chennai,2024-01-25,3416.18,user9@mail.com,True
10,Customer_10,Mumbai,2024-01-28,1441.18,user10@mail.com,True
11,Customer_11,,2024-01-31,1864.29,user11@mail.com,True
12,Customer_12,Hyderabad,2024-02-03,3017.52,user12@mail.com,True
13,Customer_13,,2024-02-06,906.06,user13@mail.com,True
14,Customer_14,,2024-02-09,2129.46,user14@mail.com,True
15,Customer_15,Delhi,2024-02-12,2422.17,user15@mail.com,True
16,Customer_16,Hyderabad,2024-02-15,3505.61,not-an-email,False
17,Customer_17,Chennai,2024-02-18,3051.52,user17@mail.com,True
18,Customer_18,Bangalore,2024-02-21,2238.23,user18@mail.com,True
19,Customer_19,Chennai,2024-02-24,2205.14,user19@mail.com,True
20,Customer_20,,2024-02-27,2376.73,user20@mail.com,True
21,Customer_21,Bangalore,2024-03-01,3718.82,user21@mail.com,True
22,Customer_22,Mumbai,2024-03-04,2157.58,user22@mail.com,True
23,Customer_23,Mumbai,2024-03-07,2257.06,user23@mail.com,True
24,Customer_24,Mumbai,2024-03-10,2782.07,user24@mail.com,True
25,Customer_25,Bangalore,2024-03-13,2403.38,user25@mail.com,True
26,Customer_26,Chennai,2024-03-16,2342.17,user26@mail.com,True
27,Customer_27,Hyderabad,2024-03-19,2376.73,user27@mail.com,True
28,Customer_28,Mumbai,2024-03-22,2490.78,user28@mail.com,True
29,Customer_29,Delhi,2024-03-25,2145.14,user29@mail.com,True
30,Customer_30,Delhi,2024-03-28,2376.73,user30@mail.com,True
31,Customer_31,Delhi,2024-03-31,3022.47,user31@mail.com,True
32,Customer_32,Delhi,2024-04-03,2480.69,user32@mail.com,True
33,Customer_33,Delhi,2024-04-06,3034.7,user33@mail.com,True
34,Customer_34,Hyderabad,2024-04-09,2228.1,user34@mail.com,True
35,Customer_35,Bangalore,2024-04-12,2376.73,user35@mail.com,True
36,Customer_36,Bangalore,2024-04-15,2495.68,user36@mail.com,True
37,Customer_37,Bangalore,2024-04-18,2966.71,user37@mail.com,True
38,Customer_38,Delhi,2024-04-21,1467.29,user38@mail.com,True
39,Customer_39,Mumbai,2024-04-24,2777.34,user39@mail.com,True
40,Customer_40,Hyderabad,2024-04-27,1149.44,user40@mail.com,True
41,Customer_41,Delhi,2024-04-30,871.74,user41@mail.com,True
42,Customer_42,Chennai,2024-05-03,2256.42,user42@mail.com,True
43,Customer_43,Hyderabad,2024-05-06,1780.06,user43@mail.com,True
44,Customer_44,Chennai,2024-05-09,2631.24,user44@mail.com,True
45,Customer_45,Hyderabad,2024-05-12,4295.81,user45@mail.com,True
46,Customer_46,Delhi,2024-05-15,1834.62,user46@mail.com,True
47,Customer_47,Chennai,2024-05-18,2000.85,user47@mail.com,True
48,Customer_48,Chennai,2024-05-21,2664.32,user48@mail.com,True
49,Customer_49,Mumbai,2024-05-24,2894.41,user49@mail.com,True
50,Customer_50,Chennai,2024-05-27,2358.88,user50@mail.com,True
51,Customer_51,Chennai,2024-05-30,2335.26,user51@mail.com,True
52,Customer_52,Delhi,2024-06-02,2376.73,user52@mail.com,True
53,Customer_53,Hyderabad,2024-06-05,2376.73,user53@mail.com,True
54,Customer_54,Delhi,2024-06-08,1673.06,user54@mail.com,True
55,Customer_55,,2024-06-11,2436.65,user55@mail.com,True
56,Customer_56,Hyderabad,2024-06-14,2528.23,user56@mail.com,True
57,Customer_57,Hyderabad,2024-06-17,1656.41,user57@mail.com,True
58,Customer_58,Delhi,2024-06-20,2707.87,user58@mail.com,True
59,Customer_59,Mumbai,2024-06-23,2376.73,user59@mail.com,True
60,Customer_60,Delhi,2024-06-26,3277.65,user60@mail.com,True
61,Customer_61,Chennai,2024-06-29,2654.2,user61@mail.com,True
62,Customer_62,Delhi,2024-07-02,2571.45,user62@mail.com,True
63,Customer_63,Mumbai,2024-07-05,2027.18,user63@mail.com,True
64,Customer_64,Chennai,2024-07-08,2405.11,user64@mail.com,True
65,Customer_65,Hyderabad,2024-07-11,901.8,user65@mail.com,True
66,Customer_66,Chennai,2024-07-14,1594.87,user66@mail.com,True
67,Customer_67,,2024-07-17,2790.27,user67@mail.com,True
68,Customer_68,Chennai,2024-07-20,797.15,user68@mail.com,True
69,Customer_69,Hyderabad,2024-07-23,3177.29,user69@mail.com,True
70,Customer_70,Bangalore,2024-07-26,1103.12,user70@mail.com,True
71,Customer_71,Hyderabad,2024-07-29,3105.39,user71@mail.com,True
72,Customer_72,Chennai,2024-08-01,1823.6,user72@mail.com,True
73,Customer_73,Bangalore,2024-08-04,3123.19,user73@mail.com,True
74,Customer_74,Mumbai,2024-08-07,2604.76,user74@mail.com,True
75,Customer_75,Delhi,2024-08-10,1270.53,user75@mail.com,True
76,Customer_76,Chennai,2024-08-13,2376.73,user76@mail.com,True
77,Customer_77,Delhi,2024-08-16,3653.37,user77@mail.com,True
78,Customer_78,Hyderabad,2024-08-19,2447.36,user78@mail.com,True
79,Customer_79,Bangalore,2024-08-22,2280.87,user79@mail.com,True
80,Customer_80,,2024-08-25,2376.73,user80@mail.com,True
81,Customer_81,Delhi,2024-08-28,2376.73,user81@mail.com,True
82,Customer_82,Chennai,2024-08-31,3378.87,user82@mail.com,True
83,Customer_83,Hyderabad,2024-09-03,2065.69,user83@mail.com,True
84,Customer_84,Hyderabad,2024-09-06,2459.05,user84@mail.com,True
85,Customer_85,Chennai,2024-09-09,1865.36,user85@mail.com,True
86,Customer_86,Delhi,2024-09-12,1999.14,user86@mail.com,True
87,Customer_87,Hyderabad,2024-09-15,1477.82,user87@mail.com,True
88,Customer_88,Hyderabad,2024-09-18,3505.66,user88@mail.com,True
89,Customer_89,Bangalore,2024-09-21,2376.73,user89@mail.com,True
90,Customer_90,Bangalore,2024-09-24,3272.74,user90@mail.com,True
91,Customer_91,Chennai,2024-09-27,2510.66,user91@mail.com,True
92,Customer_92,Bangalore,2024-09-30,1944.48,user92@mail.com,True
93,Customer_93,Delhi,2024-10-03,2376.73,user93@mail.com,True
94,Customer_94,Chennai,2024-10-06,2051.82,user94@mail.com,True
95,Customer_95,Chennai,2024-10-09,2506.37,user95@mail.com,True
96,Customer_96,Delhi,2024-10-12,2199.79,user96@mail.com,True
97,Customer_97,Bangalore,2024-10-15,2376.73,user97@mail.com,True
98,Customer_98,Delhi,2024-10-18,1397.14,user98@mail.com,True
99,Customer_99,Delhi,2024-10-21,2376.73,user99@mail.com,True
100,Customer_100,Hyderabad,2024-10-24,3823.25,user100@mail.com,True
101,Customer_101,Bangalore,2024-10-27,1963.01,user101@mail.com,True
102,Customer_102,Mumbai,2024-10-30,1656.72,user102@mail.com,True
103,Customer_103,Bangalore,2024-11-02,2769.86,user103@mail.com,True
104,Customer_104,Delhi,2024-11-05,3625.82,user104@mail.com,True
105,Customer_105,Chennai,2024-11-08,2376.73,user105@mail.com,True
106,Customer_106,Chennai,2024-11-11,2333.18,user106@mail.com,True
107,Customer_107,Bangalore,2024-11-14,1994.36,user107@mail.com,True
108,Customer_108,Mumbai,2024-11-17,1091.18,user108@mail.com,True
109,Customer_109,Delhi,2024-11-20,3087.94,user109@mail.com,True
110,Customer_110,Mumbai,2024-11-23,2481.24,user110@mail.com,True
111,Customer_111,Chennai,2024-11-26,2557.15,user111@mail.com,True
112,Customer_112,Chennai,2024-11-29,1898.15,user112@mail.com,True
113,Customer_113,Mumbai,2024-12-02,2863.83,user113@mail.com,True
114,Customer_114,Bangalore,2024-12-05,2068.56,user114@mail.com,True
115,Customer_115,Mumbai,2024-12-08,2385.68,user115@mail.com,True
116,Customer_116,Mumbai,2024-12-11,1613.39,user116@mail.com,True
117,Customer_117,Delhi,2024-12-14,1527.12,user117@mail.com,True
118,Customer_118,Hyderabad,2024-12-17,3568.43,user118@mail.com,True
119,Customer_119,Mumbai,2024-12-20,2094.32,user119@mail.com,True
120,Customer_120,Delhi,2024-12-23,2733.34,user120@mail.com,True
